{
    "紫微": {
        "子": "平",  //闲（紫微斗数全书）
        "丑": "庙",
        "寅": "旺",
        "卯": "旺",
        "辰": "得", //闲（紫微斗数全书）
        "巳": "旺",
        "午": "庙",
        "未": "庙",
        "申": "旺",
        "酉": "旺",
        "戌": "得",
        "亥": "旺" //闲（紫微斗数全书）
    },
    "天府": {
        "子": "庙",
        "丑": "庙",
        "寅": "庙",
        "卯": "得",
        "辰": "庙",
        "巳": "得",
        "午": "旺",
        "未": "庙",
        "申": "得",
        "酉": "旺",
        "戌": "庙",
        "亥": "得"
    },
    "左辅": {
        "子": "旺",
        "丑": "庙",
        "寅": "庙",
        "卯": "陷",
        "辰": "庙",
        "巳": "平",
        "午": "旺",
        "未": "庙",
        "申": "平",
        "酉": "陷",
        "戌": "庙",
        "亥": "闲"
    },
    "右弼": {
        "子": "庙",
        "丑": "庙",
        "寅": "旺",
        "卯": "陷",
        "辰": "庙",
        "巳": "平",
        "午": "旺",
        "未": "庙",
        "申": "闲",
        "酉": "陷",
        "戌": "庙",
        "亥": "平"
    },
    "天机": {
        "子": "庙",
        "丑": "陷",
        "寅": "得",
        "卯": "旺",
        "辰": "平",
        "巳": "平", //闲（紫微斗数全书）
        "午": "庙",
        "未": "陷",
        "申": "得",
        "酉": "旺",
        "戌": "平",
        "亥": "平"
    },
    "天相": {
        "子": "庙",
        "丑": "庙",
        "寅": "庙",
        "卯": "陷",
        "辰": "得", //闲（紫微斗数全书）
        "巳": "得",
        "午": "庙",
        "未": "得",
        "申": "庙",
        "酉": "陷",
        "戌": "得", //闲（紫微斗数全书）
        "亥": "得"
    },
    "太阴": {
        "子": "庙",
        "丑": "庙",
        "寅": "旺",
        "卯": "陷",
        "辰": "陷",
        "巳": "陷",
        "午": "陷",
        "未": "陷",
        "申": "平",
        "酉": "旺",
        "戌": "旺",
        "亥": "庙"
    },
    "太阳": {
        "子": "陷",
        "丑": "陷",
        "寅": "旺",
        "卯": "庙",
        "辰": "旺",
        "巳": "旺",
        "午": "旺",
        "未": "得",
        "申": "得",
        "酉": "平",
        "戌": "陷",
        "亥": "陷"
    },
    "武曲": {
        "子": "旺",
        "午": "旺",
        "丑": "庙",
        "辰": "庙",
        "未": "庙",
        "戌": "庙",
        "寅": "得",
        "卯": "平",
        "申": "得", //闲（紫微斗数全书）
        "酉": "平",
        "巳": "平",
        "亥": "平"
    },
    "贪狼": {
        "子": "旺",
        "丑": "庙",
        "寅": "平", //闲（紫微斗数全书）
        "卯": "平",
        "辰": "庙",
        "巳": "陷",
        "午": "旺",
        "未": "庙",
        "申": "平", //闲（紫微斗数全书）
        "酉": "平",
        "戌": "庙",
        "亥": "陷"
    },
    "七杀": {
        "子": "旺",
        "丑": "庙",
        "寅": "庙",
        "卯": "旺",
        "辰": "庙", //闲（紫微斗数全书）
        "巳": "平",
        "午": "旺",
        "未": "庙",
        "申": "庙",
        "酉": "旺",
        "戌": "庙",
        "亥": "平" //闲（紫微斗数全书）
    },
    "破军": {
        "子": "庙",
        "丑": "旺",
        "寅": "得",
        "卯": "陷",
        "辰": "旺",
        "巳": "平", //闲（紫微斗数全书）
        "午": "庙",
        "未": "旺",
        "申": "得", //闲（紫微斗数全书）
        "酉": "陷",
        "戌": "旺",
        "亥": "平"
    },
    "天梁": {
        "子": "庙",
        "丑": "旺",
        "寅": "庙",
        "卯": "庙",
        "辰": "庙",
        "巳": "陷", //闲（紫微斗数全书）
        "午": "庙",
        "未": "旺",
        "申": "陷",
        "酉": "得", //闲（紫微斗数全书）
        "戌": "庙",
        "亥": "陷"
    },
    "天同": {
        "子": "旺",
        "丑": "陷",
        "寅": "平",
        "卯": "平",
        "辰": "平",
        "巳": "庙",
        "午": "陷",
        "未": "陷",
        "申": "旺",
        "酉": "平",
        "戌": "平",
        "亥": "庙"
    },
    "廉贞": {
        "子": "平",
        "丑": "平",
        "寅": "庙",
        "卯": "平",
        "辰": "平",
        "巳": "陷",
        "午": "平",
        "未": "平",
        "申": "庙",
        "酉": "平",
        "戌": "平",
        "亥": "陷"
    },
    "巨门": {
        "子": "旺",
        "丑": "陷",
        "寅": "庙",
        "卯": "庙",
        "辰": "陷",
        "巳": "旺",
        "午": "旺",
        "未": "陷",
        "申": "庙",
        "酉": "庙",
        "戌": "陷",
        "亥": "旺"
    },
    "擎羊": {
        "子": "陷",
        "丑": "庙",
        "卯": "陷",
        "辰": "庙",
        "午": "陷",
        "未": "庙",
        "酉": "陷",
        "戌": "庙"
    },
    "陀罗": {
        "丑": "庙",
        "寅": "陷",
        "辰": "庙",
        "巳": "陷",
        "未": "庙",
        "申": "陷",
        "戌": "庙",
        "亥": "陷"
    },
    "禄存": {
        "子": "庙",
        "寅": "庙",
        "卯": "庙",
        "巳": "庙",
        "午": "庙",
        "申": "庙",
        "酉": "庙",
        "亥": "庙"
    },
    "文曲": {
        "子": "得",
        "丑": "庙",
        "寅": "陷",
        "卯": "旺",
        "辰": "得",
        "巳": "庙",
        "午": "陷",
        "未": "旺",
        "申": "得",
        "酉": "庙",
        "戌": "陷",
        "亥": "旺"
    },
    "文昌": {
        "子": "得",
        "丑": "庙",
        "寅": "陷",
        "卯": "平",
        "辰": "得",
        "巳": "庙",
        "午": "陷",
        "未": "平",
        "申": "得",
        "酉": "庙",
        "戌": "陷",
        "亥": "平"
    },
    "火星": {
        "子": "陷",
        "丑": "得",
        "寅": "庙",
        "卯": "平",
        "辰": "陷",
        "巳": "得",
        "午": "庙",
        "未": "平",
        "申": "陷",
        "酉": "得",
        "戌": "庙",
        "亥": "平"
    },
    "铃星": {
        "子": "陷",
        "丑": "得",
        "寅": "庙",
        "卯": "平",
        "辰": "陷",
        "巳": "得",
        "午": "庙",
        "未": "平",
        "申": "陷",
        "酉": "得",
        "戌": "庙",
        "亥": "平"
    },
    "地空": {
        "子": "平",
        "丑": "陷",
        "寅": "陷",
        "卯": "平",
        "辰": "陷",
        "巳": "庙",
        "午": "庙",
        "未": "平",
        "申": "庙",
        "酉": "庙",
        "戌": "陷",
        "亥": "陷"
    },
    "地劫": {
        "子": "陷",
        "丑": "陷",
        "寅": "平",
        "卯": "平",
        "辰": "陷",
        "巳": "得",
        "午": "庙",
        "未": "平",
        "申": "庙",
        "酉": "平",
        "戌": "平",
        "亥": "旺"
    },
    "天魁": {
        "子": "旺",
        "丑": "旺",
        "卯": "庙",
        "午": "庙",
        "亥": "旺"
    },
    "天钺": {
        "寅": "旺",
        "巳": "旺",
        "未": "旺",
        "申": "庙",
        "酉": "庙"
    }
}